PMID,Title,Authors,Citation,First Author,Journal/Book,Publication Year,Create Date,PMCID,NIHMS ID,DOI
"40202755","Foley Catheter Management: A Review","Cameron AP, Werneburg GT.","JAMA Surg. 2025 Jun 1;160(6):701-707. doi: 10.1001/jamasurg.2025.0565.","Cameron AP","JAMA Surg","2025","2025/04/09","","","10.1001/jamasurg.2025.0565"
"35272334","Methenamine Hippurate With Cranberry Capsules Versus Cranberry Alone for Urinary Tract Infection Prevention in a Short-Term Indwelling Foley Catheter Population After Urogynecologic Surgery: A Double-Blinded Randomized Controlled Trial","Tam TY, Aldrich ER, Crisp CC, Yook E, Yeung J, Pauls RN.","Female Pelvic Med Reconstr Surg. 2022 Mar 1;28(3):e55-e61. doi: 10.1097/SPV.0000000000001147.","Tam TY","Female Pelvic Med Reconstr Surg","2022","2022/03/10","","","10.1097/SPV.0000000000001147"
"39341718","Innovating Indwelling Catheter Design to Counteract Urinary Tract Infection","Drake MJ, Clavica F, Murphy C, Fader MJ.","Eur Urol Focus. 2024 Sep;10(5):713-719. doi: 10.1016/j.euf.2024.09.015. Epub 2024 Sep 28.","Drake MJ","Eur Urol Focus","2024","2024/09/28","","","10.1016/j.euf.2024.09.015"
"39238721","Medicated Foley Catheters Do Not Prevent Catheter-Associated Urinary Tract Infection: A Systematic Review of Randomized Controlled Trials","Banerjee I, Robinson J, Banerjee I.","Cureus. 2024 Aug 5;16(8):e66235. doi: 10.7759/cureus.66235. eCollection 2024 Aug.","Banerjee I","Cureus","2024","2024/09/06","PMC11375116","","10.7759/cureus.66235"
"36819923","Is It Really the Foley? A Systematic Review of Bladder Management and Infection Risk","Davis M, Jethani L, Robbins E, Kaner M.","Top Spinal Cord Inj Rehabil. 2023 Winter;29(1):94-107. doi: 10.46292/sci22-00009. Epub 2023 Feb 15.","Davis M","Top Spinal Cord Inj Rehabil","2023","2023/02/23","PMC9936901","","10.46292/sci22-00009"
"33706795","Foley catheter with noble metal alloy coating for preventing catheter-associated urinary tract infections: a large, multi-center clinical trial","Kai-Larsen Y, Grass S, Mody B, Upadhyay S, Trivedi HL, Pal DK, Babu S, Bawari B, Singh SK.","Antimicrob Resist Infect Control. 2021 Feb 25;10(1):40. doi: 10.1186/s13756-021-00907-w.","Kai-Larsen Y","Antimicrob Resist Infect Control","2021","2021/03/12","PMC7953677","","10.1186/s13756-021-00907-w"
"36651058","A comprehensive status update on modification of foley catheter to combat catheter-associated urinary tract infections and microbial biofilms","Chadha J, Thakur N, Chhibber S, Harjai K.","Crit Rev Microbiol. 2024 Mar;50(2):168-195. doi: 10.1080/1040841X.2023.2167593. Epub 2023 Jan 18.","Chadha J","Crit Rev Microbiol","2024","2023/01/18","","","10.1080/1040841X.2023.2167593"
"28211358","A prospective interventional study to examine the effect of a silver alloy and hydrogel-coated catheter on the incidence of catheter-associated urinary tract infection","Chung PH, Wong CW, Lai CK, Siu HK, Tsang DN, Yeung KY, Ip DK, Tam PK.","Hong Kong Med J. 2017 Jun;23(3):239-45. doi: 10.12809/hkmj164906. Epub 2017 Feb 17.","Chung PH","Hong Kong Med J","2017","2017/02/18","","","10.12809/hkmj164906"
"40552721","A prospective randomised pilot study evaluating the safety of the novel LubriShield™ Foley catheter: a permanently coated indwelling urinary catheter","Andreasson A, Andersson J, Larsson H, Ekerhult T, Stranne J.","Scand J Urol. 2025 Jun 24;60:124-129. doi: 10.2340/sju.v60.43994.","Andreasson A","Scand J Urol","2025","2025/06/24","","","10.2340/sju.v60.43994"
"35703805","Multidisciplinary Project to Prevent Postoperative Urinary Tract Infection","Wilson SB, Shaikh SP, Rosenkranz P, Rush I, Kandadai P, Wang DS, McAneny D.","J Am Coll Surg. 2022 Jun 1;234(6):1101-1109. doi: 10.1097/XCS.0000000000000180. Epub 2022 Apr 8.","Wilson SB","J Am Coll Surg","2022","2022/06/15","","","10.1097/XCS.0000000000000180"
"27125268","In Vivo Trial of a Novel Atraumatic Urinary Catheter Design for Prevention of Catheter-Induced Trauma","Azar R, Shadpour P.","J Endourol. 2016 Jul;30(7):822-7. doi: 10.1089/end.2015.0827. Epub 2016 May 24.","Azar R","J Endourol","2016","2016/04/30","","","10.1089/end.2015.0827"
"30398417","Effects of the use of silver-coated urinary catheters on the incidence of catheter-associated bacteriuria and urinary tract infection in dogs","Ogilvie AT, Brisson BA, Gow WR, Wainberg S, Singh A, Weese JS.","J Am Vet Med Assoc. 2018 Nov 15;253(10):1289-1293. doi: 10.2460/javma.253.10.1289.","Ogilvie AT","J Am Vet Med Assoc","2018","2018/11/07","","","10.2460/javma.253.10.1289"
"38336174","Self bladder emptying compared with Foley catheter placement for planned cesarean delivery: a randomized controlled trial","Mohd Yassin NA, Kamarudin M, Hamdan M, Tan PC.","Am J Obstet Gynecol MFM. 2024 May;6(5):101308. doi: 10.1016/j.ajogmf.2024.101308. Epub 2024 Feb 8.","Mohd Yassin NA","Am J Obstet Gynecol MFM","2024","2024/02/09","","","10.1016/j.ajogmf.2024.101308"
"39245325","Epidemiology of subsequent carbapenem-resistant enterobacterales (CRE) infection among rectal carriers: A meta-analysis of incidence, risk factors and their association with geographic region and age","Wei Y, Luo H, Chen X, Yan Q.","Int J Antimicrob Agents. 2024 Nov;64(5):107335. doi: 10.1016/j.ijantimicag.2024.107335. Epub 2024 Sep 7.","Wei Y","Int J Antimicrob Agents","2024","2024/09/08","","","10.1016/j.ijantimicag.2024.107335"
"38960062","Single-center, double-blind, randomized, placebo-controlled pilot study of Canoxidin® for prevention of catheter encrustation in patients with indwelling catheters","Borau A, Amaya E, Delía P, Alves MJ, Morcillo M, Ustrell A, Opisso E.","Actas Urol Esp (Engl Ed). 2024 Nov;48(9):658-664. doi: 10.1016/j.acuroe.2024.06.004. Epub 2024 Jul 1.","Borau A","Actas Urol Esp (Engl Ed)","2024","2024/07/03","","","10.1016/j.acuroe.2024.06.004"
"35993996","Exploration of 3D Printing of Anti-Infective Urinary Catheters: Materials and Approaches to Combat Catheter-Associated Urinary Tract Infections (CAUTIs) - A Review","Menon A, Durairajan R, Durai R, Paramasivam N, Narayanan VB.","Crit Rev Ther Drug Carrier Syst. 2022;39(5):51-82. doi: 10.1615/CritRevTherDrugCarrierSyst.2022040452.","Menon A","Crit Rev Ther Drug Carrier Syst","2022","2022/08/22","","","10.1615/CritRevTherDrugCarrierSyst.2022040452"
"41059852","Effective interventions to prevent catheter-associated urinary tract infections: a systematic review","Li N, Shi R, Sun Y, Chen Q.","Rev Inst Med Trop Sao Paulo. 2025 Oct 3;67:e61. doi: 10.1590/S1678-9946202567061. eCollection 2025.","Li N","Rev Inst Med Trop Sao Paulo","2025","2025/10/08","PMC12499511","","10.1590/S1678-9946202567061"
"40507677","Antibiotic Prophylaxis After Urethroplasty: A Review of the Literature","Cahill EM, Patel HV, Koch GE, Sterling J.","J Clin Med. 2025 Jun 2;14(11):3915. doi: 10.3390/jcm14113915.","Cahill EM","J Clin Med","2025","2025/06/13","PMC12156196","","10.3390/jcm14113915"
"32469449","A systematic review of best practices for the perioperative management of abdominal sacrocolpopexy","Nemirovsky A, Herbert AS, Gorman EF, Malik RD.","Neurourol Urodyn. 2020 Jun;39(5):1264-1275. doi: 10.1002/nau.24411. Epub 2020 May 29.","Nemirovsky A","Neurourol Urodyn","2020","2020/05/30","","","10.1002/nau.24411"
"35437959","Catheter-associated urinary tract infections in patients who have undergone radical cystectomy for bladder cancer: A prospective randomized clinical study of two silicone catheters (clinical benefit of antibiotic silicone material)","Tae BS, Oh JJ, Jeong BC, Ku JH.","Investig Clin Urol. 2022 May;63(3):334-340. doi: 10.4111/icu.20210436. Epub 2022 Mar 28.","Tae BS","Investig Clin Urol","2022","2022/04/19","PMC9091833","","10.4111/icu.20210436"
"36729534","Short-Term Indwelling Foley Catheters Do Not Reduce the Risk of Postoperative Urinary Retention in Uncomplicated Primary THA and TKA: A Randomized Controlled Trial","Weintraub MT, Yang J, Nam D, Greenspoon JA, DeBenedetti A, Karas V, Mehta N, Della Valle CJ.","J Bone Joint Surg Am. 2023 Feb 15;105(4):312-319. doi: 10.2106/JBJS.22.00759. Epub 2022 Dec 19.","Weintraub MT","J Bone Joint Surg Am","2023","2023/02/02","","","10.2106/JBJS.22.00759"
"31669525","[Term Prelabor Rupture of Membranes: CNGOF Guidelines for Clinical Practice - Timing of Labor Induction]","Sibiude J.","Gynecol Obstet Fertil Senol. 2020 Jan;48(1):35-47. doi: 10.1016/j.gofs.2019.10.015. Epub 2019 Oct 25.","Sibiude J","Gynecol Obstet Fertil Senol","2020","2019/11/01","","","10.1016/j.gofs.2019.10.015"
"31688528","Urinary Catheter Management Approaches Among Women Undergoing Benign Gynecologic Surgery: A Randomized Trial","Lang P, Quezada Y, Whiteside J.","Female Pelvic Med Reconstr Surg. 2020 Dec 1;26(12):e73-e77. doi: 10.1097/SPV.0000000000000781.","Lang P","Female Pelvic Med Reconstr Surg","2020","2019/11/06","","","10.1097/SPV.0000000000000781"
"27506257","Stent Removal in 200 Kidney Transplant Recipients: Nonoperative Versus Endoscopic Removal","Simforoosh N, Obeid K, Javanmard B, Rezaeetalab GH, Razmjoo S, Soltani MH.","Exp Clin Transplant. 2016 Aug;14(4):385-8.","Simforoosh N","Exp Clin Transplant","2016","2016/08/11","","",""
"33636356","A comparison of the efficacy of normal saline and Savlon solutions in periurethral cleaning to reduce catheter-associated bacteriuria: A randomized control trial","Khahakaew S, Suwanpimolkul G, Wongkeskij T, Punakabutra N, Suankratay C.","Int J Infect Dis. 2021 Apr;105:702-708. doi: 10.1016/j.ijid.2021.02.086. Epub 2021 Feb 23.","Khahakaew S","Int J Infect Dis","2021","2021/02/26","","","10.1016/j.ijid.2021.02.086"
"27240799","A comparative evaluation of antimicrobial coated versus nonantimicrobial coated peripherally inserted central catheters on associated outcomes: A randomized controlled trial","Storey S, Brown J, Foley A, Newkirk E, Powers J, Barger J, Paige K.","Am J Infect Control. 2016 Jun 1;44(6):636-41. doi: 10.1016/j.ajic.2015.11.017.","Storey S","Am J Infect Control","2016","2016/06/01","","","10.1016/j.ajic.2015.11.017"
"32680619","Impact of Enhanced Recovery Pathways and early urinary catheter removal on post-operative urinary retention","Tam V, Lutfi W, Morgan K, Vasan R, Scaife R, Mahler B, Medich DS, Celebrezze JP, Watson AR, Holder-Murray J.","Am J Surg. 2020 Nov;220(5):1264-1269. doi: 10.1016/j.amjsurg.2020.06.057. Epub 2020 Jul 1.","Tam V","Am J Surg","2020","2020/07/19","","","10.1016/j.amjsurg.2020.06.057"
"39734326","The Effect of Preinduction Cervical Ripening With Synthetic Hygroscopic Dilators on Maternal Outcomes of Women With Previous Caesarean Pregnancy: A Single-Group Clinical Trial","Dorairajan G, Ravi S, Chinnakili P.","J Pregnancy. 2024 Dec 19;2024:8835464. doi: 10.1155/jp/8835464. eCollection 2024.","Dorairajan G","J Pregnancy","2024","2024/12/30","PMC11671653","","10.1155/jp/8835464"
"40988186","Purple urine bag syndrome: An unusual presentation of urinary tract infection: A case series and literature review","Basehi MF, Dallak FH, Darraj AI, Almalki SJ.","Medicine (Baltimore). 2025 Sep 19;104(38):e44638. doi: 10.1097/MD.0000000000044638.","Basehi MF","Medicine (Baltimore)","2025","2025/09/24","PMC12459526","","10.1097/MD.0000000000044638"
"39572280","Clean Intermittent Catheterisation via a Mitrofanoff Is Superior to Long Term Suprapubic Catheters for Bladder Drainage","Van der Merwe E, Loveday R, Jackson L, McCarthy L.","J Pediatr Surg. 2025 Mar;60(3):162050. doi: 10.1016/j.jpedsurg.2024.162050. Epub 2024 Nov 4.","Van der Merwe E","J Pediatr Surg","2025","2024/11/21","","","10.1016/j.jpedsurg.2024.162050"
"39744866","Silver-Coated Foley Catheters to Reduce UTIs: A Randomized Clinical Trial","Lewis K, Crisp C, Ray M, Bonglack M, Carrel-Lammert M, Aldrich E, Pauls R, Hoehn J, Yeung J.","Urogynecology (Phila). 2025 Mar 1;31(3):276-284. doi: 10.1097/SPV.0000000000001634. Epub 2025 Jan 2.","Lewis K","Urogynecology (Phila)","2025","2025/01/02","","","10.1097/SPV.0000000000001634"
"26598386","Effectiveness of Preanalytic Practices on Contamination and Diagnostic Accuracy of Urine Cultures: a Laboratory Medicine Best Practices Systematic Review and Meta-analysis","LaRocco MT, Franek J, Leibach EK, Weissfeld AS, Kraft CS, Sautter RL, Baselski V, Rodahl D, Peterson EJ, Cornish NE.","Clin Microbiol Rev. 2016 Jan;29(1):105-47. doi: 10.1128/CMR.00030-15.","LaRocco MT","Clin Microbiol Rev","2016","2015/11/25","PMC4771218","","10.1128/CMR.00030-15"
"31030965","An investigation of the effectiveness against bacteriuria of silver-coated catheters in short-term urinary catheter applications: A randomized controlled study","Akcam FZ, Kaya O, Temel EN, Buyuktuna SA, Unal O, Yurekli VA.","J Infect Chemother. 2019 Oct;25(10):797-800. doi: 10.1016/j.jiac.2019.04.004. Epub 2019 Apr 25.","Akcam FZ","J Infect Chemother","2019","2019/04/30","","","10.1016/j.jiac.2019.04.004"
"26413885","A Single Dose of Intraoperative Antibiotics Is Sufficient to Prevent Urinary Tract Infection During Ureteroscopy","Chew BH, Flannigan R, Kurtz M, Gershman B, Arsovska O, Paterson RF, Eisner BH, Lange D.","J Endourol. 2016 Jan;30(1):63-8. doi: 10.1089/end.2015.0511. Epub 2015 Oct 20.","Chew BH","J Endourol","2016","2015/09/29","","","10.1089/end.2015.0511"
"32810948","[Verification of clinical applicability of the non-special perioperative administration for enhanced recovery after surgery of gastric cancer patients: a Chinese single-center observational report]","He WT, Deng JY, Liang H, Zhang RP, Guo JT, Zhang NN, Guo SW.","Zhonghua Wei Chang Wai Ke Za Zhi. 2020 Aug 25;23(8):766-773. doi: 10.3760/cma.j.cn.441530-20190924-00357.","He WT","Zhonghua Wei Chang Wai Ke Za Zhi","2020","2020/08/19","","","10.3760/cma.j.cn.441530-20190924-00357"
"28247658","[Comparative evaluation of the efficacy of uncoated and coated with silver silicone urethral catheters for prevention of urinary tract infections among patients of the intensive care unit]","Sergevnin VI, Klyuchareva NM, Antipin DP, Laricheva EN.","Urologiia. 2016 Apr;(2):33-36.","Sergevnin VI","Urologiia","2016","2017/03/02","","",""
